PID,Date,Timestamp,BlockNo,BlockType,KeyPressed,CorrectAns,Correct,RT
555,2024-05-10,1715367096,1,D,0,1,0,3.071504299994558
555,2024-05-10,1715367096,1,D,0,1,0,3.071504299994558
555,2024-05-10,1715367096,1,D,0,1,0,3.071504299994558
555,2024-05-10,1715367096,1,D,0,1,0,3.071504299994558
555,2024-05-10,1715367096,1,D,0,1,0,3.071504299994558
555,2024-05-10,1715367096,1,D,0,1,0,3.071504299994558
555,2024-05-10,1715367096,1,D,0,1,0,3.071504299994558
555,2024-05-10,1715367096,1,D,0,1,0,3.071504299994558
555,2024-05-10,1715367096,1,D,0,1,0,3.071504299994558
555,2024-05-10,1715367096,1,D,0,1,0,3.071504299994558
555,2024-05-10,1715367096,1,D,0,1,0,3.071504299994558
555,2024-05-10,1715367096,1,D,0,1,0,3.071504299994558
555,2024-05-10,1715367096,1,D,0,1,0,3.071504299994558
555,2024-05-10,1715367096,1,D,0,1,0,3.071504299994558
555,2024-05-10,1715367096,1,D,0,1,0,3.071504299994558
555,2024-05-10,1715367096,1,D,0,1,0,3.071504299994558
555,2024-05-10,1715367096,1,D,0,1,0,3.071504299994558
555,2024-05-10,1715367096,1,D,0,1,0,3.071504299994558
555,2024-05-10,1715367096,1,D,0,1,0,3.071504299994558
555,2024-05-10,1715367096,1,D,0,1,0,3.071504299994558
555,2024-05-10,1715367096,1,D,0,1,0,3.071504299994558
555,2024-05-10,1715367096,1,D,0,1,0,3.071504299994558
555,2024-05-10,1715367096,1,D,0,1,0,3.071504299994558
555,2024-05-10,1715367096,1,D,0,1,0,3.071504299994558
555,2024-05-10,1715367096,1,D,0,1,0,3.071504299994558
555,2024-05-10,1715367096,1,D,0,1,0,3.071504299994558
555,2024-05-10,1715367096,1,D,0,1,0,3.071504299994558
555,2024-05-10,1715367096,1,D,0,1,0,3.071504299994558
555,2024-05-10,1715367096,1,D,0,1,0,3.071504299994558
555,2024-05-10,1715367096,1,D,0,1,0,3.071504299994558
555,2024-05-10,1715367096,1,D,0,1,0,3.071504299994558
555,2024-05-10,1715367096,1,D,0,1,0,3.071504299994558
555,2024-05-10,1715367096,1,D,0,1,0,3.071504299994558
555,2024-05-10,1715367096,1,D,0,1,0,3.071504299994558
555,2024-05-10,1715367096,1,D,0,1,0,3.071504299994558
555,2024-05-10,1715367096,1,D,0,1,0,3.071504299994558
555,2024-05-10,1715367096,1,D,0,1,0,3.071504299994558
555,2024-05-10,1715367096,1,D,0,1,0,3.071504299994558
555,2024-05-10,1715367096,1,D,0,1,0,3.071504299994558
555,2024-05-10,1715367096,1,D,0,1,0,3.071504299994558
555,2024-05-10,1715367096,1,D,0,1,0,3.071504299994558
555,2024-05-10,1715367096,1,D,0,1,0,3.071504299994558
555,2024-05-10,1715367096,1,D,0,1,0,3.071504299994558
555,2024-05-10,1715367096,1,D,0,1,0,3.071504299994558
555,2024-05-10,1715367096,1,D,0,1,0,3.071504299994558
555,2024-05-10,1715367096,1,D,0,1,0,3.071504299994558
555,2024-05-10,1715367096,1,D,0,1,0,3.071504299994558
555,2024-05-10,1715367096,1,D,0,1,0,3.071504299994558
555,2024-05-10,1715367096,1,D,0,1,0,3.071504299994558
555,2024-05-10,1715367096,1,D,0,1,0,3.071504299994558
555,2024-05-10,1715367096,1,D,0,1,0,3.071504299994558
555,2024-05-10,1715367096,1,D,0,1,0,3.071504299994558
555,2024-05-10,1715367096,1,D,0,1,0,3.071504299994558
555,2024-05-10,1715367096,1,D,0,1,0,3.071504299994558
555,2024-05-10,1715367096,1,D,0,1,0,3.071504299994558
555,2024-05-10,1715367096,1,D,0,1,0,3.071504299994558
555,2024-05-10,1715367096,1,D,0,1,0,3.071504299994558
555,2024-05-10,1715367096,1,D,0,1,0,3.071504299994558
555,2024-05-10,1715367096,1,D,0,1,0,3.071504299994558
555,2024-05-10,1715367096,1,D,0,1,0,3.071504299994558
555,2024-05-10,1715367096,1,D,0,1,0,3.071504299994558
555,2024-05-10,1715367096,1,D,0,1,0,3.071504299994558
555,2024-05-10,1715367096,1,D,0,1,0,3.071504299994558
555,2024-05-10,1715367096,1,D,0,1,0,3.071504299994558
555,2024-05-10,1715367096,1,D,0,1,0,3.071504299994558
555,2024-05-10,1715367096,1,D,0,1,0,3.071504299994558
555,2024-05-10,1715367096,1,D,0,1,0,3.071504299994558
555,2024-05-10,1715367096,1,D,0,1,0,3.071504299994558
555,2024-05-10,1715367096,1,D,0,1,0,3.071504299994558
555,2024-05-10,1715367096,1,D,0,1,0,3.071504299994558
555,2024-05-10,1715367096,1,D,0,1,0,3.071504299994558
555,2024-05-10,1715367096,1,D,0,1,0,3.071504299994558
555,2024-05-10,1715367096,1,D,0,1,0,3.071504299994558
555,2024-05-10,1715367096,1,D,0,1,0,3.071504299994558
555,2024-05-10,1715367096,1,D,0,1,0,3.071504299994558
555,2024-05-10,1715367096,1,D,0,1,0,3.071504299994558
555,2024-05-10,1715367096,1,D,0,1,0,3.071504299994558
555,2024-05-10,1715367096,1,D,0,1,0,3.071504299994558
555,2024-05-10,1715367096,1,D,0,1,0,3.071504299994558
555,2024-05-10,1715367096,1,D,0,1,0,3.071504299994558
555,2024-05-10,1715367096,1,D,0,1,0,3.071504299994558
555,2024-05-10,1715367096,1,D,0,1,0,3.071504299994558
555,2024-05-10,1715367096,1,D,,1,0,3.071504299994558
555,2024-05-10,1715367096,1,D,,1,0,3.071504299994558
555,2024-05-10,1715367096,1,D,,1,0,3.071504299994558
555,2024-05-10,1715367096,1,D,,1,0,3.071504299994558
555,2024-05-10,1715367096,1,D,,1,0,3.071504299994558
555,2024-05-10,1715367096,1,D,,1,0,3.071504299994558
555,2024-05-10,1715367096,1,D,,1,0,3.071504299994558
555,2024-05-10,1715367096,1,D,,1,0,3.071504299994558
555,2024-05-10,1715367096,1,D,,1,0,3.071504299994558
555,2024-05-10,1715367096,1,D,,1,0,3.071504299994558
555,2024-05-10,1715367096,1,D,,1,0,3.071504299994558
555,2024-05-10,1715367096,1,D,,1,0,3.071504299994558
555,2024-05-10,1715367096,1,D,,1,0,3.071504299994558
555,2024-05-10,1715367096,1,D,,1,0,3.071504299994558
555,2024-05-10,1715367096,1,D,,1,0,3.071504299994558
555,2024-05-10,1715367096,1,D,,1,0,3.071504299994558
555,2024-05-10,1715367096,1,D,,1,0,3.071504299994558
555,2024-05-10,1715367096,1,D,,1,0,3.071504299994558
555,2024-05-10,1715367096,1,D,,1,0,3.071504299994558
555,2024-05-10,1715367096,1,D,,1,0,3.071504299994558
555,2024-05-10,1715367096,1,D,,1,0,3.071504299994558
555,2024-05-10,1715367096,1,D,,1,0,3.071504299994558
555,2024-05-10,1715367096,1,D,,1,0,3.071504299994558
555,2024-05-10,1715367096,1,D,,1,0,3.071504299994558
555,2024-05-10,1715367096,1,D,,1,0,3.071504299994558
555,2024-05-10,1715367096,1,D,,1,0,3.071504299994558
555,2024-05-10,1715367096,1,D,,1,0,3.071504299994558
555,2024-05-10,1715367096,1,D,,1,0,3.071504299994558
555,2024-05-10,1715367096,1,D,,1,0,3.071504299994558
555,2024-05-10,1715367096,1,D,,1,0,3.071504299994558
555,2024-05-10,1715367096,1,D,,1,0,3.071504299994558
555,2024-05-10,1715367096,1,D,1,1,1,3.071504299994558
555,2024-05-10,1715367096,1,D,1,1,1,3.071504299994558
555,2024-05-10,1715367096,1,D,1,1,1,3.071504299994558
555,2024-05-10,1715367096,1,D,1,1,1,3.071504299994558
555,2024-05-10,1715367096,1,D,1,1,1,3.071504299994558
555,2024-05-10,1715367096,1,D,1,1,1,3.071504299994558
555,2024-05-10,1715367096,1,D,1,1,1,3.071504299994558
555,2024-05-10,1715367096,1,D,1,1,1,3.071504299994558
555,2024-05-10,1715367096,1,D,1,1,1,3.071504299994558
555,2024-05-10,1715367096,1,D,1,1,1,3.071504299994558
555,2024-05-10,1715367096,1,D,1,1,1,3.071504299994558
555,2024-05-10,1715367096,1,D,1,1,1,3.071504299994558
555,2024-05-10,1715367096,1,D,1,1,1,3.071504299994558
555,2024-05-10,1715367096,1,D,1,1,1,3.071504299994558
555,2024-05-10,1715367096,1,D,1,1,1,3.071504299994558
555,2024-05-10,1715367096,1,D,1,1,1,3.071504299994558
555,2024-05-10,1715367096,1,D,1,1,1,3.071504299994558
555,2024-05-10,1715367096,1,D,1,1,1,3.071504299994558
555,2024-05-10,1715367096,1,D,1,1,1,3.071504299994558
555,2024-05-10,1715367096,1,D,1,1,1,3.071504299994558
555,2024-05-10,1715367096,1,D,1,1,1,3.071504299994558
555,2024-05-10,1715367096,1,D,1,1,1,3.071504299994558
555,2024-05-10,1715367096,1,D,1,1,1,3.071504299994558
555,2024-05-10,1715367096,1,D,1,1,1,3.071504299994558
555,2024-05-10,1715367096,1,D,1,1,1,3.071504299994558
555,2024-05-10,1715367096,1,D,1,1,1,3.071504299994558
555,2024-05-10,1715367096,1,D,1,1,1,3.071504299994558
555,2024-05-10,1715367096,1,D,1,1,1,3.071504299994558
555,2024-05-10,1715367096,1,D,1,1,1,3.071504299994558
555,2024-05-10,1715367096,1,D,1,1,1,3.071504299994558
555,2024-05-10,1715367096,1,D,1,1,1,3.071504299994558
555,2024-05-10,1715367096,1,D,1,1,1,3.071504299994558
555,2024-05-10,1715367096,1,D,1,1,1,3.071504299994558
555,2024-05-10,1715367096,1,D,1,1,1,3.071504299994558
555,2024-05-10,1715367096,1,D,1,1,1,3.071504299994558
555,2024-05-10,1715367096,1,D,1,1,1,3.071504299994558
555,2024-05-10,1715367096,1,D,1,1,1,3.071504299994558
555,2024-05-10,1715367096,1,D,1,1,1,3.071504299994558
555,2024-05-10,1715367096,1,D,1,1,1,3.071504299994558
555,2024-05-10,1715367096,1,D,1,1,1,3.071504299994558
555,2024-05-10,1715367096,1,D,1,1,1,3.071504299994558
555,2024-05-10,1715367096,1,D,1,1,1,3.071504299994558
555,2024-05-10,1715367096,1,D,1,1,1,3.071504299994558
555,2024-05-10,1715367096,1,D,1,1,1,3.071504299994558
555,2024-05-10,1715367096,1,D,1,1,1,3.071504299994558
555,2024-05-10,1715367096,1,D,1,1,1,3.071504299994558
555,2024-05-10,1715367096,1,D,1,1,1,3.071504299994558
555,2024-05-10,1715367096,1,D,1,1,1,3.071504299994558
555,2024-05-10,1715367096,1,D,1,1,1,3.071504299994558
555,2024-05-10,1715367096,1,D,1,1,1,3.071504299994558
555,2024-05-10,1715367096,1,D,1,1,1,3.071504299994558
555,2024-05-10,1715367096,1,D,1,1,1,3.071504299994558
555,2024-05-10,1715367096,1,D,1,1,1,3.071504299994558
555,2024-05-10,1715367096,1,D,1,1,1,3.071504299994558
555,2024-05-10,1715367096,1,D,1,1,1,3.071504299994558
555,2024-05-10,1715367096,1,D,1,1,1,3.071504299994558
555,2024-05-10,1715367096,1,D,1,1,1,3.071504299994558
555,2024-05-10,1715367096,1,D,1,1,1,3.071504299994558
555,2024-05-10,1715367096,1,D,1,1,1,3.071504299994558
555,2024-05-10,1715367096,1,D,1,1,1,3.071504299994558
555,2024-05-10,1715367096,1,D,1,1,1,3.071504299994558
555,2024-05-10,1715367096,1,D,1,1,1,3.071504299994558
555,2024-05-10,1715367096,1,D,1,1,1,3.071504299994558
555,2024-05-10,1715367096,1,D,1,1,1,3.071504299994558
555,2024-05-10,1715367096,1,D,1,1,1,3.071504299994558
555,2024-05-10,1715367096,1,D,1,1,1,3.071504299994558
555,2024-05-10,1715367096,1,D,1,1,1,3.071504299994558
555,2024-05-10,1715367096,1,D,1,1,1,3.071504299994558
555,2024-05-10,1715367096,1,D,1,1,1,3.071504299994558
555,2024-05-10,1715367096,1,D,1,1,1,3.071504299994558
555,2024-05-10,1715367096,1,D,1,1,1,3.071504299994558
555,2024-05-10,1715367096,1,D,1,1,1,3.071504299994558
555,2024-05-10,1715367096,1,D,1,1,1,3.071504299994558
555,2024-05-10,1715367096,1,D,1,1,1,3.071504299994558
555,2024-05-10,1715367096,1,D,1,1,1,3.071504299994558
555,2024-05-10,1715367096,1,D,1,1,1,3.071504299994558
